index,symbol
1,20MICRONS
2,21STCENMGM
3,360ONE
4,3IINFOLTD
5,3MINDIA
6,3PLAND
7,5PAISA
8,63MOONS
9,A2ZINFRA
10,AAATECH
11,AADHARHFC
12,AAKASH
13,AAREYDRUGS
14,AARON
15,AARTECH
16,AARTIDRUGS
17,AARTIIND
18,AARTIPHARM
19,AARTISURF
20,AARVI
21,AAVAS
22,ABAN
23,ABB
24,ABBOTINDIA
25,ABCAPITAL
26,ABDL
27,ABFRL
28,ABINFRA
29,ABREL
30,ABSLAMC
31,ABSLLIQUID
32,ABSLNN50ET
33,ABSLPSE
34,ABSMARINE
35,ACC
36,ACCELYA
37,ACCENTMIC
38,ACCURACY
39,ACE
40,ACEINTEG
41,ACI
42,ACL
43,ACMESOLAR
44,ADANIENSOL
45,ADANIENT
46,ADANIGREEN
47,ADANIPORTS
48,ADANIPOWER
49,ADFFOODS
50,ADROITINFO
51,ADSL
52,ADVANIHOTR
53,ADVENZYMES
54,AEGISLOG
55,AEROFLEX
56,AERON
57,AETHER
58,AFCONS
59,AFFLE
60,AFFORDABLE
61,AFIL
62,AGARIND
63,AGI
64,AGIIL
65,AGRITECH
66,AGROPHOS
67,AGSTRA
68,AHLADA
69,AHLEAST
70,AHLUCONT
71,AIAENG
72,AIIL
73,AIMTRON
74,AIRAN
75,AIROLAM
76,AJANTPHARM
77,AJMERA
78,AJOONI
79,AKASH
80,AKG
81,AKI
82,AKSHAR
83,AKSHARCHEM
84,AKSHOPTFBR
85,AKUMS
86,AKZOINDIA
87,ALANKIT
88,ALBERTDAVD
89,ALEMBICLTD
90,ALICON
92,ALKALI
93,ALKEM
94,ALKYLAMINE
95,ALLCARGO
96,ALLDIGI
97,ALLETEC
98,ALMONDZ
99,ALOKINDS
100,ALPA
101,ALPEXSOLAR
102,ALPHA
103,ALPHAGEO
104,AMBER
105,AMBICAAGAR
106,AMBIKCO
107,AMBUJACEM
108,AMDIND
109,AMJLAND
110,AMNPLST
111,AMRUTANJAN
112,ANANDRATHI
113,ANANTRAJ
114,ANDHRAPAP
115,ANDHRSUGAR
116,ANGELONE
117,ANIKINDS
118,ANMOL
119,ANNAPURNA
120,ANTGRAPHIC
121,ANUHPHR
122,ANUP
123,ANURAS
124,APARINDS
125,APCL
126,APCOTEXIND
127,APEX
128,APLAPOLLO
129,APLLTD
130,APOLLO
131,APOLLOHOSP
132,APOLLOPIPE
133,APOLLOTYRE
134,APOLSINHOT
135,APS
136,APTECHT
137,APTUS
138,ARCHIDPLY
139,ARCHIES
140,ARE&M
141,ARIES
142,ARIHANTCAP
143,ARIHANTSUP
144,ARKADE
145,ARMANFIN
146,AROGRANITE
147,ARROWGREEN
148,ARTEMISMED
149,ARVIND
150,ARVINDFASN
151,ARVSMART
152,ASAHIINDIA
153,ASAHISONG
154,ASAL
155,ASALCBR
156,ASHAPURMIN
157,ASHIANA
158,ASHIMASYN
159,ASHOKA
160,ASHOKAMET
161,ASHOKLEY
162,ASIANENE
163,ASIANHOTNR
164,ASIANPAINT
165,ASIANTILES
166,ASKAUTOLTD
167,ASMS
168,ASTEC
169,ASTERDM
170,ASTRAL
171,ASTRAMICRO
172,ASTRAZEN
173,ASTRON
174,ATALREAL
175,ATAM
176,ATGL
177,ATL
178,ATLANTAA
179,ATLASCYCLE
180,ATMASTCO
181,ATUL
182,ATULAUTO
183,AUBANK
184,AURIONPRO
185,AUROPHARMA
186,AURUM
187,AUSOMENT
188,AUTOAXLES
189,AUTOIND
190,AVADHSUGAR
191,AVALON
192,AVANTEL
193,AVANTIFEED
194,AVG
195,AVIANSH
196,AVL
197,AVONMORE
198,AVPINFRA
199,AVROIND
200,AVTNPL
201,AWFIS
202,AWHCL
203,AWL
204,AXISBANK
205,AXISCADES
206,AXISGOLD
207,AXISILVER
208,AXISNIFTY
209,AXITA
210,AXSENSEX
211,AYMSYNTEX
212,AZAD
213,BAGFILMS
214,BAHETI
215,BAIDFIN
216,BAJAJ-AUTO
217,BAJAJCON
218,BAJAJELEC
219,BAJAJFINSV
220,BAJAJHCARE
221,BAJAJHFL
222,BAJAJHIND
223,BAJAJHLDNG
224,BAJEL
225,BAJFINANCE
226,BALAJEE
227,BALAJITELE
228,BALAMINES
229,BALAXI
230,BALKRISHNA
231,BALKRISIND
232,BALMLAWRIE
233,BALPHARMA
234,BALRAMCHIN
235,BALUFORGE
236,BANARBEADS
237,BANARISUG
238,BANCOINDIA
239,BANDHANBNK
240,BANG
241,BANKA
242,BANKBARODA
243,BANKINDIA
244,BANKNIFTY1
245,BANKPSU
246,BANSALWIRE
247,BANSWRAS
249,BASF
250,BASILIC
251,BASML
252,BATAINDIA
253,BAYERCROP
254,BBETF0432
255,BBL
256,BBNPPGOLD
257,BBOX
258,BBTC
259,BBTCL
260,BCLIND
261,BCONCEPTS
262,BDL
263,BEARDSELL
264,BECTORFOOD
265,BEDMUTHA
266,BEL
267,BEML
268,BEPL
269,BERGEPAINT
270,BESTAGRO
271,BETA
272,BEWLTD
273,BFINVEST
274,BFSI
275,BFUTILITIE
276,BGRENERGY
277,BHAGCHEM
278,BHAGERIA
279,BHAGYANGR
280,BHANDARI
281,BHARATFORG
282,BHARATGEAR
283,BHARATRAS
284,BHARATWIRE
285,BHARTIARTL
286,BHARTIHEXA
287,BHEL
288,BIGBLOC
289,BIKAJI
290,BIL
291,BIOCON
292,BIOFILCHEM
293,BIRLACABLE
294,BIRLACORPN
295,BIRLAMONEY
296,BLACKBUCK
297,BLAL
298,BLBLIMITED
299,BLISSGVS
300,BLKASHYAP
301,BLS
302,BLSE
303,BLUEDART
304,BLUEJET
305,BLUESTARCO
306,BODALCHEM
307,BOMDYEING
308,BOROLTD
309,BORORENEW
310,BOROSCI
311,BOSCHLTD
312,BPCL
313,BPL
314,BRIGADE
315,BRITANNIA
316,BRNL
317,BROOKS
318,BSE
319,BSHSL
320,BSL
321,BSLNIFTY
322,BSLSENETFG
323,BSOFT
324,BTML
325,BUTTERFLY
326,BVCL
327,BYKE
328,C2C
329,CALSOFT
330,CAMLINFINE
331,CAMPUS
332,CAMS
333,CANARYS
334,CANBK
335,CANFINHOME
336,CANTABIL
337,CAPACITE
338,CAPITALSFB
339,CAPLIPOINT
340,CAPTRUST
341,CARBORUNIV
342,CARERATING
343,CARRARO
344,CARTRADE
345,CARYSIL
346,CASTROLIND
347,CCCL
348,CCHHL
349,CCL
350,CDSL
351,CEATLTD
352,CEIGALL
353,CELEBRITY
354,CELLECOR
355,CELLO
356,CENTENKA
357,CENTEXT
358,CENTRALBK
359,CENTRUM
360,CENTUM
361,CENTURYPLY
362,CERA
363,CEREBRAINT
364,CESC
365,CEWATER
366,CGCL
367,CGPOWER
368,CGRAPHICS
369,CHALET
370,CHAMBLFERT
371,CHAVDA
372,CHEMBOND
373,CHEMCON
374,CHEMFAB
375,CHEMPLASTS
376,CHENNPETRO
377,CHEVIOT
378,CHOICEIN
379,CHOLAFIN
380,CHOLAHLDNG
381,CIEINDIA
382,CIGNITITEC
383,CINELINE
384,CINEVISTA
385,CIPLA
386,CLEAN
387,CLEDUCATE
388,CLSEL
389,CMSINFO
390,COALINDIA
391,COASTCORP
392,COCHINSHIP
393,COFORGE
394,COLPAL
395,COMPUSOFT
396,CONCOR
397,CONCORDBIO
398,CONFIPET
399,CONS
400,CONSOFINVT
402,CONTROLPR
403,COOLCAPS
404,CORALFINAC
405,CORDSCABLE
406,COROMANDEL
407,COSMOFIRST
408,COUNCODOS
409,CRAFTSMAN
410,CREATIVEYE
411,CREDITACC
412,CREST
413,CRISIL
414,CROMPTON
415,CROWN
416,CSBBANK
417,CSLFINANCE
418,CTE
419,CUB
420,CUBEXTUB
421,CUMMINSIND
422,CUPID
423,CYBERMEDIA
424,CYBERTECH
425,CYIENT
426,CYIENTDLM
427,DABUR
428,DALBHARAT
429,DALMIASUG
430,DAMCAPITAL
431,DAMODARIND
432,DANGEE
433,DANISH
434,DATAMATICS
435,DATAPATTNS
436,DAVANGERE
437,DBCORP
438,DBEIL
439,DBL
440,DBOL
441,DBREALTY
442,DBSTOCKBRO
443,DCAL
444,DCBBANK
445,DCI
446,DCM
447,DCMFINSERV
448,DCMNVL
449,DCMSHRIRAM
450,DCMSRIND
451,DCW
452,DCXINDIA
454,DECCANCE
455,DEEDEV
456,DEEPAKFERT
457,DEEPAKNTR
458,DEEPINDS
459,DELHIVERY
460,DELPHIFX
461,DELTACORP
462,DELTAMAGNT
464,DEN
465,DENORA
466,DENTALKART
467,DEVIT
468,DEVYANI
469,DGCONTENT
470,DHAMPURSUG
471,DHANBANK
472,DHANUKA
473,DHARMAJ
474,DHRUV
475,DHUNINV
476,DIACABS
477,DIAMINESQ
478,DIAMONDYD
479,DICIND
480,DIFFNKG
481,DIGIDRIVE
482,DIGISPICE
483,DIL
484,DISHTV
485,DIVGIITTS
486,DIVISLAB
487,DIXON
488,DJML
489,DLF
490,DLINKINDIA
491,DMART
492,DMCC
493,DNAMEDIA
494,DODLA
495,DOLATALGO
496,DOLLAR
497,DOLPHIN
498,DOMS
499,DONEAR
500,DPABHUSHAN
501,DPSCLTD
502,DPWIRES
503,DRCSYSTEMS
504,DREAMFOLKS
505,DREDGECORP
506,DRONE
507,DRREDDY
508,DSSL
509,DTIL
510,DUCON
511,DVL
512,DWARKESH
513,DYCL
514,DYNAMATECH
515,DYNPRO
516,E2E
517,EASEMYTRIP
518,EBANKNIFTY
519,EBBETF0430
520,EBBETF0431
521,EBBETF0433
523,ECLERX
524,ECOSMOBLTY
525,EDELWEISS
526,EFFWA
527,EGOLD
528,EICHERMOT
529,EIDPARRY
530,EIEL
531,EIFFL
532,EIHAHOTELS
533,EIHOTEL
534,EIMCOELECO
535,EKC
536,ELDEHSG
537,ELECON
538,ELECTCAST
539,ELECTHERM
540,ELGIEQUIP
541,ELGIRUBCO
542,ELIN
543,EMAMILTD
544,EMAMIPAP
545,EMBDL
546,EMCURE
547,EMIL
548,EMKAY
549,EMMBI
550,EMMIL
551,EMSLIMITED
552,EMUDHRA
553,EMULTIMQ
554,ENDURANCE
555,ENERGYDEV
556,ENGINERSIN
557,ENIL
558,ENTERO
559,EPACK
560,EPIGRAL
561,EPL
562,EQUAL50ADD
563,EQUIPPP
564,EQUITASBNK
565,ERIS
566,ESABINDIA
567,ESAFSFB
568,ESCONET
569,ESCORTS
570,ESFL
571,ESG
572,ESILVER
573,ESSARSHPNG
574,ESSENTIA
575,ESTER
576,ETHOSLTD
577,EUREKAFORB
578,EVEREADY
579,EVERESTIND
580,EVINDIA
581,EXCEL
582,EXCELINDUS
583,EXICOM
584,EXIDEIND
585,EXPLEOSOL
586,EXXARO
587,FACT
588,FAIRCHEMOR
589,FAZE3Q
590,FCL
591,FCSSOFT
592,FDC
593,FEDERALBNK
594,FEDFINA
595,FEL
596,FELDVR
597,FELIX
598,FIBERWEB
599,FIEMIND
600,FILATEX
601,FILATFASH
602,FINCABLES
603,FINEORG
604,FINOPB
605,FINPIPE
606,FIRSTCRY
607,FIVESTAR
608,FLAIR
609,FLUOROCHEM
610,FMGOETZE
611,FMNL
612,FOCUS
613,FOODSIN
614,FORCEMOT
615,FORTIS
616,FOSECOIND
617,FRESHARA
618,FROG
619,FSL
620,FUSION
621,GABRIEL
622,GAEL
623,GAIL
624,GALAPREC
625,GALAXYSURF
626,GALLANTT
627,GANDHAR
628,GANDHITUBE
629,GANECOS
630,GANESHBE
631,GANESHIN
632,GANGAFORGE
633,GANGESSECU
634,GARFIBRES
635,GARUDA
636,GATECH
637,GATECHDVR
638,GATEWAY
639,GEECEE
640,GEEKAYWIRE
641,GENCON
642,GENESYS
643,GENUSPAPER
644,GENUSPOWER
645,GEOJITFSL
646,GESHIP
647,GFLLIMITED
648,GGBL
649,GHCL
650,GHCLTEXTIL
651,GICHSGFIN
652,GICRE
653,GILLANDERS
654,GILLETTE
655,GINNIFILA
656,GIPCL
657,GKWLIMITED
658,GLAND
659,GLAXO
660,GLENMARK
661,GLOBAL
662,GLOBALE
663,GLOBALVECT
664,GLOBE
665,GLOBUSSPR
666,GLOSTERLTD
667,GMBREW
668,GMDCLTD
669,GMMPFAUDLR
670,GMRAIRPORT
671,GMRP&UI
672,GNA
673,GNFC
674,GOACARBON
675,GOCLCORP
676,GOCOLORS
677,GODAVARIB
678,GODFRYPHLP
679,GODIGIT
680,GODREJAGRO
681,GODREJCP
682,GODREJIND
683,GODREJPROP
684,GOKEX
685,GOKUL
686,GOKULAGRO
687,GOLD1
688,GOLDCASE
689,GOLDENTOBC
690,GOLDIAM
691,GOLDTECH
692,GOODLUCK
693,GOPAL
694,GOYALALUM
695,GPECO
696,GPIL
697,GPPL
698,GPTHEALTH
699,GPTINFRA
700,GRANULES
701,GRAPHITE
702,GRASIM
703,GRAVITA
704,GREAVESCOT
705,GREENLAM
706,GREENPANEL
707,GREENPLY
708,GREENPOWER
709,GRINDWELL
710,GRINFRA
711,GRMOVER
712,GROWWDEFNC
713,GROWWEV
714,GROWWGOLD
715,GROWWLIQID
716,GRPLTD
717,GRSE
718,GRWRHITECH
719,GSEC10YEAR
720,GSFC
721,GSLSU
722,GSPL
723,GSS
724,GTL
725,GTLINFRA
726,GTPL
727,GUFICBIO
728,GUJALKALI
729,GUJAPOLLO
730,GUJGASLTD
731,GUJRAFFIA
732,GULFOILLUB
733,GULFPETRO
734,GULPOLY
735,GVKPIL
736,GVPTECH
737,GVT&D
738,HAL
739,HAPPSTMNDS
740,HAPPYFORGE
741,HARDWYN
742,HARIOMPIPE
743,HARRMALAYA
744,HARSHA
745,HATHWAY
746,HATSUN
747,HAVELLS
748,HAVISHA
749,HBLENGINE
750,HBSL
751,HCC
752,HCG
753,HCL-INSYS
754,HCLTECH
755,HDFCAMC
756,HDFCBANK
757,HDFCBSE500
758,HDFCGOLD
759,HDFCGROWTH
760,HDFCLIFE
761,HDFCLIQUID
762,HDFCLOWVOL
763,HDFCMID150
764,HDFCMOMENT
765,HDFCNEXT50
766,HDFCNIF100
767,HDFCNIFBAN
768,HDFCNIFIT
769,HDFCNIFTY
770,HDFCPSUBK
771,HDFCPVTBAN
772,HDFCQUAL
773,HDFCSENSEX
774,HDFCSILVER
775,HDFCSML250
776,HDFCVALUE
777,HEADSUP
778,HEALTHY
779,HECPROJECT
780,HEG
781,HEIDELBERG
782,HEMIPROP
783,HERANBA
784,HERITGFOOD
785,HEROMOTOCO
786,HESTERBIO
787,HEXATRADEX
788,HFCL
789,HGINFRA
790,HGS
791,HIKAL
792,HILTON
793,HIMATSEIDE
794,HINDALCO
795,HINDCOMPOS
796,HINDCON
797,HINDCOPPER
798,HINDOILEXP
799,HINDPETRO
800,HINDUNILVR
801,HINDWAREAP
802,HINDZINC
803,HIRECT
804,HISARMETAL
805,HITECH
806,HITECHCORP
807,HITECHGEAR
808,HLEGLAS
809,HLVLTD
810,HMAAGRO
811,HMT
812,HMVL
813,HNDFDS
814,HOMEFIRST
815,HONASA
816,HONAUT
817,HONDAPOWER
818,HPAL
819,HPIL
820,HPL
821,HSCL
822,HTMEDIA
823,HUBTOWN
824,HUDCO
825,HUHTAMAKI
826,HYBRIDFIN
827,HYUNDAI
828,ICDSLTD
829,ICEMAKE
830,ICICIB22
831,ICICIBANK
832,ICICIGI
833,ICICIPRULI
834,ICIL
835,ICRA
836,IDBI
837,IDEA
838,IDEAFORGE
839,IDFCFIRSTB
840,IDFNIFTYET
841,IEX
842,IFBAGRO
843,IFBIND
844,IFCI
845,IFGLEXPOR
846,IGARASHI
847,IGIL
848,IGL
849,IGPL
850,IIFL
851,IIFLCAPS
852,IITL
853,IKIO
854,IKS
855,IL&FSENGG
856,IL&FSTRANS
857,IMAGICAA
858,IMFA
859,IMPAL
860,INCREDIBLE
861,INDBANK
862,INDGN
863,INDHOTEL
864,INDIACEM
865,INDIAGLYCO
866,INDIAMART
867,INDIANB
868,INDIANCARD
869,INDIANHUME
870,INDIASHLTR
871,INDIGO
872,INDIGOPNTS
873,INDNIPPON
874,INDOAMIN
875,INDOBORAX
876,INDOCO
878,INDORAMA
879,INDOSTAR
880,INDOTECH
881,INDOTHAI
882,INDOUS
883,INDOWIND
884,INDRAMEDCO
885,INDSWFTLAB
886,INDTERRAIN
887,INDUSINDBK
888,INDUSTOWER
889,INFIBEAM
890,INFOBEAN
891,INFY
892,INGERRAND
893,INNOVACAP
894,INNOVANA
895,INOXGREEN
896,INOXINDIA
897,INOXWIND
898,INSECTICID
899,INSPIRISYS
900,INTELLECT
901,INTENTECH
902,INTERARCH
903,INTLCONV
904,INVENTURE
905,IOB
906,IOC
907,IOLCP
908,IONEXCHANG
909,IPCALAB
910,IPL
911,IRB
912,IRCON
913,IRCTC
914,IREDA
915,IRFC
916,IRIS
917,IRISDOREME
918,IRMENERGY
919,ISFT
920,ISGEC
921,IT
922,ITC
923,ITDC
924,ITI
925,IVC
926,IVP
927,IVZINGOLD
928,IXIGO
929,IZMO
930,J&KBANK
931,JAGRAN
932,JAGSNPHARM
933,JAIBALAJI
934,JAICORPLTD
935,JAIPURKURT
936,JAMNAAUTO
937,JASH
938,JAYAGROGN
939,JAYBARMARU
940,JAYBEE
941,JAYNECOIND
942,JAYSREETEA
943,JBCHEPHARM
944,JBMA
945,JETFREIGHT
946,JGCHEM
947,JHS
948,JINDALPHOT
949,JINDALPOLY
950,JINDALSAW
951,JINDALSTEL
952,JINDRILL
953,JINDWORLD
954,JIOFIN
955,JISLDVREQS
956,JISLJALEQS
957,JITFINFRA
958,JKCEMENT
959,JKIL
960,JKLAKSHMI
961,JKPAPER
962,JKTYRE
963,JLHL
964,JMA
965,JMFINANCIL
966,JNKINDIA
967,JOCIL
968,JPOLYINVST
969,JPPOWER
970,JSFB
971,JSL
972,JSLL
973,JSWENERGY
974,JSWHL
975,JSWINFRA
976,JSWSTEEL
977,JTEKTINDIA
978,JTLIND
979,JUBLFOOD
980,JUBLINGREA
981,JUBLPHARMA
982,JUNIPER
983,JUSTDIAL
984,JWL
985,JYOTHYLAB
986,JYOTICNC
987,JYOTISTRUC
988,KABRAEXTRU
989,KAJARIACER
990,KAKATCEM
991,KALAMANDIR
992,KALYANIFRG
993,KALYANKJIL
994,KAMATHOTEL
995,KAMDHENU
996,KAMOPAINTS
997,KANANIIND
998,KANORICHEM
999,KANPRPLA
1000,KANSAINER
1001,KAPSTON
1002,KARMAENG
1003,KARURVYSYA
1004,KAUSHALYA
1005,KAYA
1006,KAYNES
1007,KCEIL
1008,KCP
1009,KCPSUGIND
1010,KDDL
1011,KDL
1012,KEC
1013,KECL
1014,KEEPLEARN
1015,KEI
1016,KELLTONTEC
1017,KERNEX
1018,KESORAMIND
1019,KEYFINSERV
1020,KFINTECH
1021,KHADIM
1022,KHAICHEM
1023,KHAITANLTD
1024,KHANDSE
1025,KICL
1026,KILITCH
1027,KIMS
1028,KINGFA
1029,KIOCL
1030,KIRIINDUS
1031,KIRLOSBROS
1032,KIRLOSENG
1033,KIRLOSIND
1034,KIRLPNU
1035,KITEX
1036,KKCL
1038,KMEW
1039,KMSUGAR
1040,KNRCON
1041,KODYTECH
1042,KOHINOOR
1043,KOKUYOCMLN
1044,KOLTEPATIL
1045,KOPRAN
1046,KOTAKBANK
1047,KOTARISUG
1048,KOTHARIPET
1049,KOTHARIPRO
1050,KOTYARK
1051,KPEL
1052,KPIGREEN
1053,KPIL
1054,KPITTECH
1055,KPRMILL
1056,KRBL
1057,KREBSBIO
1058,KRIDHANINF
1059,KRISHANA
1060,KRISHCA
1061,KRISHNADEF
1062,KRITI
1063,KRITIKA
1064,KRITINUT
1065,KRN
1066,KRONOX
1067,KROSS
1068,KRSNAA
1069,KRYSTAL
1070,KSB
1071,KSCL
1072,KSHITIJPOL
1073,KSL
1074,KSOLVES
1075,KTKBANK
1076,KUANTUM
1077,LAGNAM
1078,LAKSHYA
1079,LAL
1080,LALPATHLAB
1081,LAMBODHARA
1082,LANCORHOL
1083,LANDMARK
1084,LAOPALA
1085,LASA
1086,LATENTVIEW
1087,LATTEYS
1088,LAURUSLABS
1089,LAXMICOT
1091,LEMERITE
1092,LEMONTREE
1093,LFIC
1094,LGBBROSLTD
1095,LGHL
1096,LIBAS
1097,LIBERTSHOE
1098,LICHSGFIN
1099,LICI
1100,LICMFGOLD
1101,LICNETFGSC
1102,LICNETFN50
1103,LICNFNHGP
1104,LICNMID100
1105,LIKHITHA
1106,LINC
1107,LINCOLN
1108,LINDEINDIA
1109,LIQUID
1110,LIQUID1
1111,LIQUIDADD
1112,LIQUIDCASE
1113,LIQUIDPLUS
1114,LIQUIDSBI
1115,LIQUIDSHRI
1116,LLOYDSENGG
1117,LLOYDSENT
1118,LLOYDSME
1119,LMW
1120,LODHA
1121,LOKESHMACH
1122,LORDSCHLO
1123,LOTUSEYE
1124,LOVABLE
1125,LOWVOL
1126,LOWVOL1
1127,LOYALTEX
1128,LPDC
1129,LT
1130,LTF
1131,LTFOODS
1132,LTIM
1133,LTTS
1134,LUMAXIND
1135,LUMAXTECH
1136,LUPIN
1137,LUXIND
1138,LXCHEM
1139,LYKALABS
1140,LYPSAGEMS
1141,M&M
1142,M&MFIN
1143,MAANALU
1144,MACPOWER
1145,MADHAV
1146,MADHUCON
1147,MADRASFERT
1148,MAFANG
1149,MAGADSUGAR
1150,MAGNUM
1151,MAHABANK
1152,MAHAPEXLTD
1153,MAHASTEEL
1154,MAHEPC
1155,MAHESHWARI
1156,MAHKTECH
1157,MAHLIFE
1158,MAHLOG
1159,MAHSEAMLES
1160,MAITHANALL
1161,MAKEINDIA
1162,MALLCOM
1163,MALUPAPER
1164,MAMATA
1165,MANAKALUCO
1166,MANAKCOAT
1167,MANAKSIA
1168,MANAKSTEEL
1169,MANALIPETC
1170,MANAPPURAM
1171,MANBA
1172,MANCREDIT
1173,MANGALAM
1174,MANGLMCEM
1175,MANINDS
1176,MANINFRA
1177,MANKIND
1178,MANOMAY
1179,MANORAMA
1180,MANORG
1181,MANYAVAR
1182,MAPMYINDIA
1183,MARALOVER
1184,MARATHON
1185,MARICO
1186,MARINE
1187,MARKSANS
1188,MARUTI
1189,MASFIN
1190,MASPTOP50
1191,MASTEK
1192,MASTERTR
1193,MATRIMONY
1194,MAWANASUG
1195,MAXESTATES
1196,MAXHEALTH
1197,MAXIND
1198,MAYURUNIQ
1199,MAZDA
1200,MAZDOCK
1201,MBAPL
1202,MBLINFRA
1203,MCL
1204,MCLEODRUSS
1205,MCX
1206,MEDANTA
1207,MEDIASSIST
1208,MEDICAMEQ
1209,MEDICO
1210,MEDPLUS
1211,MEGASOFT
1212,MEGASTAR
1213,MEGATHERM
1214,MENONBE
1215,MEP
1216,METAL
1217,METROBRAND
1218,METROPOLIS
1219,MFML
1220,MFSL
1221,MGEL
1222,MGL
1223,MHLXMIRU
1224,MHRIL
1225,MICEL
1226,MID150CASE
1227,MIDCAP
1228,MIDHANI
1229,MIDQ50ADD
1230,MIDSMALL
1231,MINDACORP
1232,MINDTECK
1233,MIRCELECTR
1234,MIRZAINT
1235,MITCON
1236,MITTAL
1237,MKPL
1238,MMFL
1239,MMP
1240,MMTC
1241,MNC
1242,MOBIKWIK
1243,MODEFENCE
1244,MODIRUBBER
1245,MODISONLTD
1246,MODTHREAD
1247,MOGSEC
1248,MOHEALTH
1249,MOHITIND
1250,MOIL
1251,MOKSH
1252,MOL
1253,MOLDTECH
1254,MOLDTKPAC
1255,MOLOWVOL
1256,MOM100
1257,MOM50
1258,MOMENTUM
1259,MOMENTUM50
1260,MOMOMENTUM
1261,MON100
1262,MONARCH
1263,MONIFTY500
1264,MONQ50
1265,MONTECARLO
1266,MOQUALITY
1267,MOREALTY
1268,MOREPENLAB
1269,MOSMALL250
1270,MOTHERSON
1271,MOTILALOFS
1272,MOTISONS
1273,MOTOGENFIN
1274,MOVALUE
1275,MPHASIS
1276,MPSLTD
1277,MRF
1278,MRPL
1279,MSPL
1280,MSTCLTD
1281,MSUMI
1282,MTARTECH
1283,MTNL
1284,MUFIN
1285,MUFTI
1286,MUKANDLTD
1287,MUKKA
1288,MUKTAARTS
1289,MULTICAP
1290,MUNJALAU
1291,MUNJALSHOW
1292,MURUDCERA
1293,MUTHOOTCAP
1294,MUTHOOTFIN
1295,MUTHOOTMF
1296,MVGJL
1297,MVKAGRO
1298,NACLIND
1299,NAGAFERT
1300,NAGREEKCAP
1301,NAGREEKEXP
1302,NAHARCAP
1303,NAHARINDUS
1304,NAHARPOLY
1305,NAHARSPING
1306,NAM-INDIA
1307,NAMOEWASTE
1308,NARMADA
1309,NATCOPHARM
1310,NATHBIOGEN
1311,NATIONALUM
1312,NAUKRI
1313,NAVA
1314,NAVINFLUOR
1315,NAVKARCORP
1317,NAVNETEDUL
1318,NAZARA
1319,NBCC
1320,NBIFIN
1321,NCC
1322,NCLIND
1323,NDGL
1324,NDL
1325,NDLVENTURE
1326,NDRAUTO
1327,NDTV
1328,NECCLTD
1329,NECLIFE
1330,NELCAST
1331,NELCO
1332,NEOGEN
1333,NESCO
1334,NESTLEIND
1335,NETWEB
1336,NETWORK18
1337,NEULANDLAB
1338,NEWGEN
1339,NEXT50
1340,NEXTMEDIA
1341,NFL
1342,NGIL
1343,NGLFINE
1344,NH
1345,NHPC
1346,NIACL
1347,NIBL
1348,NIFTY1
1349,NIFTYQLITY
1350,NIITLTD
1351,NIITMTS
1352,NILAINFRA
1353,NILASPACES
1354,NILKAMAL
1355,NINSYS
1356,NIPPOBATRY
1357,NIRAJ
1358,NITCO
1359,NITINSPIN
1360,NITIRAJ
1361,NIVABUPA
1362,NLCINDIA
1363,NMDC
1364,NOCIL
1365,NOIDATOLL
1366,NORBTEAEXP
1367,NORTHARC
1368,NOVAAGRI
1369,NPBET
1370,NPST
1371,NRAIL
1372,NRBBEARING
1373,NRL
1374,NSIL
1375,NSLNISP
1376,NTPC
1377,NTPCGREEN
1378,NUCLEUS
1379,NURECA
1380,NUVAMA
1381,NUVOCO
1382,NV20
1383,NYKAA
1384,OAL
1385,OBCL
1386,OBEROIRLTY
1387,OBSCP
1388,OCCLLTD
1389,ODIGMA
1390,OFSS
1391,OIL
1392,OILCOUNTUB
1393,OLAELEC
1394,OLECTRA
1395,OLIL
1396,OMAXAUTO
1397,OMAXE
1398,OMINFRAL
1399,ONELIFECAP
1400,ONEPOINT
1401,ONGC
1402,ONMOBILE
1403,ONWARDTEC
1404,OPTIEMUS
1405,ORBTEXP
1406,ORCHPHARMA
1407,ORIANA
1408,ORICONENT
1409,ORIENTALTL
1410,ORIENTBELL
1411,ORIENTCEM
1412,ORIENTCER
1413,ORIENTELEC
1414,ORIENTHOT
1415,ORIENTLTD
1416,ORIENTPPR
1417,ORIENTTECH
1418,ORISSAMINE
1419,ORTINGLOBE
1420,OSELDEVICE
1421,OSIAHYPER
1422,OSWALAGRO
1423,OSWALGREEN
1424,OSWALSEEDS
1425,OWAIS
1426,PAGEIND
1427,PAISALO
1428,PAKKA
1429,PALASHSECU
1430,PANACEABIO
1431,PANACHE
1432,PANAMAPET
1433,PAR
1434,PARACABLES
1435,PARADEEP
1436,PARAGMILK
1437,PARAS
1438,PARASPETRO
1439,PARKHOTELS
1440,PARSVNATH
1441,PASUPTAC
1442,PATANJALI
1443,PATELENG
1444,PATINTLOG
1445,PAVNAIND
1446,PAYTM
1447,PCBL
1448,PCJEWELLER
1449,PDMJEPAPER
1450,PDSL
1451,PEARLPOLY
1452,PENIND
1453,PENINLAND
1454,PERSISTENT
1455,PETRONET
1456,PFC
1457,PFIZER
1458,PFOCUS
1459,PFS
1460,PGEL
1461,PGHH
1462,PGHL
1463,PGIL
1464,PHANTOMFX
1465,PHOENIXLTD
1466,PIDILITIND
1467,PIGL
1468,PIIND
1469,PILANIINVS
1470,PILITA
1471,PIONEEREMB
1472,PITTIENG
1473,PIXTRANS
1474,PKTEA
1475,PLASTIBLEN
1476,PLATIND
1477,PLAZACABLE
1478,PNB
1479,PNBGILTS
1480,PNBHOUSING
1481,PNC
1482,PNCINFRA
1483,PNGJL
1484,POCL
1485,PODDARMENT
1486,POKARNA
1487,POLICYBZR
1488,POLYCAB
1489,POLYMED
1490,POLYPLEX
1491,PONNIERODE
1492,POONAWALLA
1493,POSITRON
1494,POWERGRID
1495,POWERINDIA
1496,POWERMECH
1497,PPAP
1498,PPL
1499,PPLPHARMA
1500,PRAENG
1501,PRAJIND
1502,PRAKASH
1503,PRAKASHSTL
1504,PRAMARA
1505,PRAXIS
1506,PRECAM
1507,PRECOT
1508,PRECWIRE
1509,PREMEXPLN
1510,PREMIER
1511,PREMIERENE
1512,PREMIERPOL
1513,PRESTIGE
1514,PRICOLLTD
1515,PRIMESECU
1516,PRINCEPIPE
1517,PRITI
1518,PRITIKAUTO
1519,PRIVISCL
1520,PRIZOR
1521,PROZONER
1522,PRSMJOHNSN
1523,PRUDENT
1524,PSB
1525,PSPPROJECT
1526,PSUBANK
1527,PSUBANKADD
1528,PTC
1529,PTCIL
1530,PTL
1531,PUNJABCHEM
1532,PURVA
1533,PVP
1534,PVRINOX
1535,PVSL
1536,PVTBANKADD
1537,PYRAMID
1538,QGOLDHALF
1539,QNIFTY
1541,QUESS
1542,QUICKHEAL
1543,RACE
1544,RACLGEAR
1545,RADAAN
1546,RADHIKAJWE
1547,RADIANTCMS
1548,RADICO
1549,RADIOCITY
1550,RAILTEL
1551,RAIN
1552,RAINBOW
1553,RAJESHEXPO
1554,RAJMET
1555,RAJRATAN
1556,RAJRILTD
1557,RAJSREESUG
1558,RAJTV
1559,RALLIS
1560,RAMANEWS
1561,RAMAPHO
1562,RAMASTEEL
1563,RAMCOCEM
1564,RAMCOIND
1565,RAMCOSYS
1566,RAMKY
1567,RAMRAT
1568,RANASUG
1569,RANEHOLDIN
1570,RATEGAIN
1571,RATNAMANI
1572,RATNAVEER
1573,RAYMOND
1574,RAYMONDLSL
1575,RBA
1576,RBLBANK
1577,RBMINFRA
1578,RBZJEWEL
1579,RCF
1580,RECLTD
1581,REDINGTON
1582,REDTAPE
1583,REFEX
1584,REGENCERAM
1585,RELAXO
1586,RELCHEMQ
1587,RELIABLE
1588,RELIANCE
1589,RELIGARE
1590,RELTD
1591,REMSONSIND
1592,RENUKA
1593,REPCOHOME
1594,REPL
1595,REPRO
1596,RESPONIND
1597,RETAIL
1598,RGL
1599,RHFL
1600,RHIM
1601,RHL
1602,RICOAUTO
1603,RIIL
1604,RILINFRA
1605,RISHABH
1606,RITCO
1607,RITES
1608,RKDL
1609,RKEC
1610,RKFORGE
1611,RKSWAMY
1612,RML
1613,ROHLTD
1614,ROLEXRINGS
1615,ROLLT
1616,ROML
1617,ROSSARI
1618,ROSSELLIND
1619,ROSSTECH
1620,ROTO
1621,ROUTE
1622,RPEL
1623,RPGLIFE
1624,RPOWER
1625,RPPINFRA
1626,RPPL
1627,RPSGVENT
1628,RPTECH
1629,RRKABEL
1630,RSSOFTWARE
1631,RSWM
1632,RSYSTEMS
1633,RTNINDIA
1634,RTNPOWER
1635,RUBFILA
1636,RUBYMILLS
1637,RUCHINFRA
1638,RUCHIRA
1639,RUPA
1640,RUSHIL
1641,RUSTOMJEE
1642,RVHL
1643,RVNL
1644,RVTH
1645,S&SPOWER
1646,SABEVENTS
1647,SABTNL
1648,SADBHAV
1649,SADBHIN
1650,SADHNANIQ
1651,SAFARI
1652,SAGARDEEP
1653,SAGCEM
1654,SAGILITY
1655,SAHAJSOLAR
1656,SAHANA
1657,SAHASRA
1658,SAHYADRI
1659,SAIL
1660,SAILIFE
1661,SAKAR
1662,SAKHTISUG
1663,SAKSOFT
1664,SAKUMA
1665,SALASAR
1666,SALONA
1667,SALSTEEL
1668,SALZERELEC
1669,SAMBHAAV
1670,SAMHI
1671,SAMMAANCAP
1672,SAMPANN
1673,SANATHAN
1674,SANDESH
1675,SANDHAR
1676,SANDUMA
1677,SANGAMIND
1678,SANGHIIND
1679,SANGHVIMOV
1680,SANGINITA
1681,SANOFI
1682,SANOFICONR
1683,SANSERA
1684,SANSTAR
1685,SANWARIA
1686,SAPPHIRE
1687,SARDAEN
1688,SAREGAMA
1689,SARLAPOLY
1690,SARTELE
1691,SARVESHWAR
1692,SASKEN
1693,SASTASUNDR
1694,SATIA
1695,SATIN
1696,SAURASHCEM
1697,SBC
1698,SBCL
1699,SBFC
1700,SBGLP
1701,SBICARD
1702,SBIETFCON
1703,SBIETFIT
1704,SBIETFPB
1705,SBIETFQLTY
1706,SBILIFE
1707,SBIN
1708,SBISILVER
1709,SCHAEFFLER
1710,SCHAND
1711,SCHNEIDER
1712,SCI
1713,SCILAL
1714,SCPL
1715,SDBL
1716,SEAMECLTD
1717,SECMARK
1718,SECURKLOUD
1719,SEJALLTD
1720,SELMC
1721,SEMAC
1722,SENCO
1723,SENORES
1724,SENSEXADD
1725,SEPC
1726,SEQUENT
1727,SERVOTECH
1728,SESHAPAPER
1729,SETCO
1730,SETF10GILT
1731,SETFGOLD
1732,SETFNIF50
1733,SETFNIFBK
1734,SETFNN50
1735,SFL
1736,SGIL
1737,SGL
1738,SHAH
1739,SHAHALLOYS
1740,SHAILY
1741,SHAKTIPUMP
1742,SHALBY
1743,SHALPAINTS
1744,SHANKARA
1745,SHANTI
1746,SHANTIGEAR
1747,SHARDACROP
1748,SHARDAMOTR
1749,SHAREINDIA
1750,SHEETAL
1751,SHEKHAWATI
1752,SHEMAROO
1753,SHILPAMED
1754,SHIVALIK
1755,SHIVAMAUTO
1756,SHIVAMILLS
1757,SHIVATEX
1758,SHK
1759,SHOPERSTOP
1760,SHRADHA
1761,SHREDIGCEM
1762,SHREECEM
1763,SHREEPUSHK
1764,SHREERAMA
1765,SHRENIK
1766,SHREYANIND
1767,SHRIPISTON
1768,SHRIRAMFIN
1769,SHRIRAMPPS
1770,SHYAMCENT
1771,SHYAMMETL
1772,SHYAMTEL
1773,SIEMENS
1774,SIGACHI
1775,SIGIND
1776,SIGMA
1777,SIGNATURE
1778,SIGNPOST
1779,SIKKO
1780,SIL
1781,SILGO
1782,SILLYMONKS
1783,SILVER
1784,SILVER1
1785,SILVERADD
1786,SILVERTUC
1787,SIMBHALS
1788,SIMPLEXINF
1789,SINCLAIR
1790,SINDHUTRAD
1791,SINTERCOM
1792,SIRCA
1793,SIS
1794,SITINET
1795,SIYSIL
1796,SJLOGISTIC
1797,SJS
1798,SJVN
1799,SKFINDIA
1800,SKIPPER
1801,SKMEGGPROD
1802,SKYGOLD
1803,SMALLCAP
1804,SMARTLINK
1805,SMCGLOBAL
1806,SMLT
1807,SMSPHARMA
1808,SNOWMAN
1809,SOBHA
1810,SOFTTECH
1811,SOLARA
1812,SOLARINDS
1813,SOLEX
1814,SOMANYCERA
1815,SOMATEX
1816,SOMICONVEY
1817,SONACOMS
1818,SONAMLTD
1819,SONATSOFTW
1820,SOTL
1821,SOUTHBANK
1822,SOUTHWEST
1823,SPAL
1824,SPANDANA
1825,SPARC
1826,SPCENET
1827,SPCL
1828,SPECIALITY
1829,SPECTRUM
1830,SPENCERS
1831,SPIC
1832,SPLIL
1833,SPLPETRO
1834,SPMLINFRA
1835,SPORTKING
1836,SRD
1837,SREEL
1838,SRF
1839,SRHHYPOLTD
1840,SRM
1841,SSDL
1842,SSEGL
1843,SSFL
1844,SSWL
1846,STANLEY
1847,STAR
1848,STARCEMENT
1849,STARHEALTH
1850,STARPAPER
1851,STARTECK
1852,STCINDIA
1853,STEELCAS
1854,STEELCITY
1855,STEELXIND
1856,STEL
1857,STERTOOLS
1858,STLTECH
1859,STOVEKRAFT
1860,STYLAMIND
1861,STYLEBAAZA
1862,STYRENIX
1863,SUBEXLTD
1864,SUBROS
1865,SUDARSCHEM
1866,SUKHJITS
1867,SULA
1868,SUMICHEM
1869,SUMIT
1870,SUMMITSEC
1871,SUNCLAY
1872,SUNDARAM
1873,SUNDARMFIN
1874,SUNDRMBRAK
1875,SUNDRMFAST
1876,SUNFLAG
1877,SUNPHARMA
1878,SUNTECK
1879,SUNTV
1880,SUPERHOUSE
1881,SUPERSPIN
1882,SUPRAJIT
1883,SUPREMEIND
1884,SUPREMEPWR
1885,SUPRIYA
1886,SURAJEST
1887,SURAJLTD
1888,SURAKSHA
1889,SURANASOL
1890,SURANAT&P
1891,SURYALAXMI
1892,SURYAROSNI
1893,SURYODAY
1894,SUTLEJTEX
1895,SUVEN
1896,SUVIDHAA
1897,SUYOG
1898,SUZLON
1899,SVLL
1900,SVPGLOB
1901,SWARAJ
1902,SWARAJENG
1903,SWELECTES
1904,SWIGGY
1905,SWSOLAR
1906,SYMPHONY
1907,SYNCOMF
1908,SYNGENE
1909,SYRMA
1910,SYSTANGO
1911,TAC
1912,TAINWALCHM
1913,TAJGVK
1914,TAKE
1915,TALBROAUTO
1916,TANLA
1917,TARACHAND
1918,TARAPUR
1919,TARC
1920,TARIL
1921,TARMAT
1922,TARSONS
1923,TASTYBITE
1924,TATACHEM
1925,TATACOMM
1926,TATACONSUM
1927,TATAELXSI
1928,TATAGOLD
1929,TATAINVEST
1930,TATAPOWER
1931,TATASTEEL
1932,TATATECH
1933,TATSILV
1934,TATVA
1935,TBI
1936,TBOTEK
1937,TBZ
1938,TCI
1939,TCIEXP
1940,TCIFINANCE
1941,TCPLPACK
1942,TCS
1943,TDPOWERSYS
1944,TEAMLEASE
1945,TECH
1946,TECHLABS
1947,TECHM
1948,TECHNOE
1949,TEGA
1950,TEJASNET
1951,TEMBO
1952,TERASOFT
1953,TEXINFRA
1954,TEXMOPIPES
1955,TEXRAIL
1956,TFCILTD
1957,TFL
1958,TGBHOTELS
1959,TGL
1960,THANGAMAYL
1961,THEINVEST
1962,THEJO
1963,THEMISMED
1964,THERMAX
1965,THOMASCOOK
1966,THOMASCOTT
1967,THYROCARE
1968,TI
1969,TIIL
1970,TIINDIA
1971,TIJARIA
1972,TIL
1973,TIMETECHNO
1974,TIMKEN
1975,TIPSFILMS
1976,TIPSMUSIC
1977,TIRUMALCHM
1978,TIRUPATIFL
1979,TITAGARH
1980,TITAN
1981,TMB
1982,TNPETRO
1983,TNPL
1984,TNTELE
1985,TOKYOPLAST
1986,TOLINS
1987,TOP100CASE
1988,TOP10ADD
1989,TORNTPHARM
1990,TORNTPOWER
1991,TOTAL
1992,TOUCHWOOD
1993,TPHQ
1994,TPLPLASTEH
1995,TRACXN
1996,TRANSRAILL
1997,TRANSWORLD
1998,TREEHOUSE
1999,TREJHARA
2000,TREL
2001,TRENT
2002,TRF
2003,TRIDENT
2004,TRIGYN
2005,TRITURBINE
2006,TRIVENI
2007,TRU
2008,TRUST
2009,TTKHLTCARE
2010,TTKPRESTIG
2011,TTL
2012,TTML
2013,TUNWAL
2014,TVSELECT
2015,TVSMOTOR
2016,TVSSCS
2017,TVSSRICHAK
2018,TVTODAY
2019,TVVISION
2020,UBL
2021,UCAL
2022,UCOBANK
2023,UDS
2024,UFLEX
2025,UFO
2026,UGARSUGAR
2027,UGROCAP
2028,UJJIVANSFB
2029,ULTRACEMCO
2030,UMAEXPORTS
2031,UMESLTD
2032,UNICHEMLAB
2033,UNIDT
2034,UNIECOM
2035,UNIENTER
2036,UNIINFO
2037,UNIMECH
2038,UNIONBANK
2039,UNIPARTS
2040,UNITDSPR
2041,UNITECH
2042,UNITEDPOLY
2043,UNITEDTEA
2044,UNIVASTU
2045,UNIVCABLES
2046,UNIVPHOTO
2047,UNOMINDA
2048,UPL
2050,URBAN
2051,URJA
2052,USHAMART
2053,USK
2054,UTIAMC
2055,UTKARSHBNK
2056,UTSSAV
2057,UTTAMSUGAR
2058,UYFINCORP
2059,V2RETAIL
2060,VADILALIND
2061,VAIBHAVGBL
2062,VAISHALI
2063,VAKRANGEE
2064,VALIANTLAB
2065,VALIANTORG
2066,VARDHACRLC
2067,VARDMNPOLY
2068,VARROC
2069,VASCONEQ
2070,VASWANI
2071,VBL
2072,VCL
2073,VEDL
2074,VEEDOL
2075,VENKEYS
2076,VENTIVE
2077,VENUSPIPES
2078,VENUSREM
2079,VERANDA
2080,VESUVIUS
2081,VETO
2082,VGUARD
2083,VHLTD
2084,VIDHIING
2085,VIESL
2086,VIJAYA
2087,VIJIFIN
2088,VIKASECO
2089,VIKASLIFE
2090,VILAS
2091,VIMTALABS
2092,VINATIORGA
2093,VINCOFE
2094,VINDHYATEL
2095,VINEETLAB
2096,VINNY
2097,VINYAS
2098,VINYLINDIA
2099,VIPCLOTHNG
2100,VIPIND
2101,VIPULLTD
2102,VIRINCHI
2103,VISAKAIND
2104,VISHNU
2105,VISHWARAJ
2106,VIVIANA
2107,VIVIDHA
2108,VLEGOV
2109,VLSFINANCE
2110,VMART
2111,VMM
2112,VOLTAMP
2113,VOLTAS
2114,VPRPL
2115,VRAJ
2116,VRLLOG
2117,VSSL
2118,VSTIND
2119,VSTL
2120,VSTTILLERS
2121,VTL
2122,WAAREEENER
2123,WABAG
2124,WALCHANNAG
2125,WANBURY
2126,WCIL
2127,WEALTH
2128,WEBELSOLAR
2129,WEIZMANIND
2130,WEL
2131,WELCORP
2132,WELENT
2133,WELSPUNLIV
2134,WENDT
2135,WESTLIFE
2136,WEWIN
2137,WHEELS
2138,WHIRLPOOL
2139,WILLAMAGOR
2140,WINDLAS
2141,WINDMACHIN
2142,WINSOL
2143,WIPL
2144,WIPRO
2145,WOCKPHARMA
2146,WONDERLA
2147,WSI
2148,WSTCSTPAPR
2149,WTICAB
2150,XCHANGING
2151,XELPMOC
2152,XPROINDIA
2153,XTGLOBAL
2154,YASHO
2155,YATHARTH
2156,YATRA
2157,YESBANK
2158,YUKEN
2159,ZAGGLE
2160,ZEEL
2161,ZEELEARN
2162,ZEEMEDIA
2163,ZENITHSTL
2164,ZENSARTECH
2165,ZENTEC
2166,ZFCVINDIA
2167,ZIMLAB
2168,ZODIAC
2169,ZODIACLOTH
2170,ZOTA
2171,ZTECH
2172,ZUARI
2173,ZUARIIND
2174,ZYDUSLIFE
2175,ZYDUSWELL
2176,AGARWALTUF
2177,ASPINWALL
2178,BAFNAPH
2179,BLUECOAST
2180,COMSYN
2181,DYNAMIC
2182,EMKAYTOOLS
2183,GROBTEA
2184,HEALTHADD
2185,HEUBACHIND
2186,HIGREEN
2187,IEML
2188,IMPEXFERRO
2189,JEYYAM
2190,KNAGRI
2191,MANUGRAPH
2192,MASON
2193,NEPHROCARE
2194,NIRMAN
2196,PALREDTEC
2197,PCCL
2198,PRATHAM
2199,RBS
2200,SADHAV
2201,SONAMAC
2202,SRGHFL
2203,TCL
2204,TRANSTEEL
2205,TVSHLTD
2206,VISHNUINFR
2207,VMARCIND
2208,ZENITHEXPO
2209,ADL
2210,ARENTERP
2211,ARTNIRMAN
2212,ARVEE
2213,BEACON
2214,DIGIKORE
2215,ENVIRO
2216,INFOLLION
2217,LAMOSAIC
2218,MAHSCOOTER
2219,PRUDMOULI
2220,PURPLEUTED
2221,REMUS
2222,SATECH
2224,SILINV
2225,ABCOTS
2226,DELAPLEX
2227,IPHL
2228,KLL
2229,ROXHITECH
2230,RULKA
2231,SAAKSHI
2233,SHREEKARNI
2234,SUPREMEINF
2235,UHTL
2236,BLUEPEBBLE
2237,DCG
2239,DPEL
2240,FLEXITUFF
2242,K2INFRA
2243,MOS
2244,PANSARI
2245,PRLIND
2246,SHERA
2247,VINSYS
2248,ABMINTLLTD
2249,ARHAM
2250,GREENCHEF
2251,GTECJAINX
2252,LICNETFSEN
2253,MADHUSUDAN
2254,PRESSTONIC
2255,SFML
2256,VHL
2257,WELINV
2258,WINSOME
2259,YASHOPTICS
2260,ANSALAPI
2261,KARNIKA
2262,LEXUS
2263,PURVFLEXI
2264,RMDRIP
2265,RNFI
2266,TROM
2267,WOMANCART
2268,ZENITHDRUG
2269,ANLON
2270,APEXECO
2271,ETML
2272,HOACFOODS
2273,KONSTELEC
2274,MASKINVEST
2275,MWL
2276,QUESTLAB
2277,RAJPUTANA
2278,RAPPID
2279,ROCKINGDCE
2280,SDREAMS
2281,UNIHEALTH
2282,ASHALOG
2283,EFORCE
2284,ESPRIT
2285,GOYALSALT
2286,NAMAN
2287,NKIND
2288,PARAGON
2289,PELATRO
2290,POLYSIL
2292,TECHERA
2293,ABHAPOWER
2294,AESTHETIK
2296,AKANKSHA
2297,BAWEJA
2298,DENEERS
2299,GSMFOILS
2300,KONTOR
2301,MAXPOSURE
2302,NEWJAISA
2303,PSFL
2304,AKIKO
2305,ALUWIND
2306,EFACTOR
2307,IDENTICAL
2308,KATARIA
2309,KORE
2312,PASHUPATI
2313,PPSL
2314,RAJINDLTD
2315,SHREEOSFM
2316,SWASTIK
2317,VITAL
2318,VLINFRA
2319,ZEAL
2320,BIKEWO
2321,CMNL
2322,EMAMIREAL
2323,GAYAHWS
2324,INFINIUM
2325,MARCO
2326,MYMUDRA
2327,PRITIKA
2329,USHAFIN
2332,HERCULES
2333,KCK
2336,NIDAN
2338,SEL
2340,VERTOZ
2341,EUROBOND
2342,SRIVASAVI
2343,CRAYONS
2344,ENSER
2345,GICL
2346,KANDARP
2347,QMSMEDI
2348,QUICKTOUCH
2349,WOL3D
2350,ARVINDPORT
2351,DECCANTRAN
2352,DURLAX
2353,MIEL
2354,PARTYCRUS
2356,SRPL
2357,DUCOL
2358,HOLMARC
2359,INNOMET
2361,MADHAVBAUG
2362,RELINFRA
2363,SUNLITE
2364,ABGSEC
2365,DHANLAXMI
2368,MAITREYA
2371,CELLPOINT
2374,FORCAS
2375,GOLDSHARE
2376,GRAPHISAD
2377,JCHAC
2378,LCCINFOTEC
2379,NIFMID150
2380,PHOGLOBAL
2381,SKP
2382,UTINEXT50
2383,UTISXN50
2384,ISHAN
2385,KALANA
2386,MACOBSTECH
2387,PENTAGON
2388,APRAMEYA
2389,GSTL
2391,OMFURN
2392,SETUINFRA
2393,AGNI
2394,MAL
2396,MCON
2397,PRECISION
2398,VDEAL
2400,BOHRAIND
2401,COFFEEDAY
2402,MTEDUCARE
2403,NMSTEEL
2404,SHUBHSHREE
2406,BMETRICS
2407,FIDEL
2408,LAWSIKHO
2409,ONDOOR
2411,AMBEY
2412,CHETANA
2413,DOLLEX
2415,PULZ
2416,BANKETFADD
2417,GOLDETFADD
2418,ITETFADD
2419,IVZINNIFTY
2421,NIFTY50ADD
2422,SATIPOLY
2424,MEDIORG
2426,SCML
2427,CREATIVE
2428,DIGJAMLMTD
2430,REFRACTORY
2431,SPECTSTM
2433,EUROTEXIND
2434,SYNOPTICS
2435,ANKITMETAL
2436,ENFUSE
2437,SONUINFRA
2438,AUROIMPEX
2439,DHARIWAL
2440,DUGLOBAL
2441,INSPIRE
2442,ONYX
2443,UNILEX
2444,VISASTEEL
2445,YUDIZ
2446,FALCONTECH
2447,RADIOWALLA
2449,AMEYA
2450,DEEM
2451,IBLFL
2452,KRISHIVAL
2453,SAIFL
2454,FORGEAUTO
2455,HRHNEXT
2456,JALAN
2457,MAHICKRA
2459,SLONE
2462,QVCEL
2463,SAJHOTELS
2465,SURANI
2466,CLSL
2467,LLOYDS
2468,BRACEPORT
2469,GOLDSTAR
2471,SMSLIFE
2472,TECILCHEM
2473,ALPSINDUS
2475,CADSYS
2478,BABAFP
2479,PARIN
2480,RCDL
2481,SABAR
2482,SPPPOLY
2484,INM
2486,PARAMOUNT
2489,GLOBALPET
2491,ARABIAN
2492,AUSL
2493,GIRIRAJ
2494,PREMIUM
2496,SHRITECH
2504,JIWANRAM
2505,KEL
2506,SHIGAN
2507,ACLGATI
2508,AGARWALFT
2509,FONEBOX
2510,MICROPRO
2512,SHUBHLAXMI
2513,AATMAJ
2514,ITALIANE
2515,MHHL
2517,COMPINFO
2518,FLFL
2519,GOENKA
2520,KHFM
2521,PRANIK
2522,SMLISUZU
2523,UMA
2524,ARSHIYA
2525,LRRPL
2527,CMRSL
2529,HOMESFY
2530,MAGSON
2533,HVAX
2534,LAKPRE
2535,SICALLOG
2536,ARIHANTACA
2537,ASPIRE
2538,PROV
2539,SANCO
2541,MANGCHEFER
2542,SHANTHALA
2543,YCCL
2545,DIVYADHAN
2546,GAJANAND
2547,GENSOL
2548,OMKARCHEM
2550,TRIDHYA
2551,CPS
2552,DTL
2553,INFOMEDIA
2554,JFLLIFE
2555,DHANI
2556,GLFL
2557,IEL
2561,SYLVANPLY
2562,TATAMOTORS
2563,VELS
2564,IDEALTECHO
2565,ITTL
2567,MEGAFLEX
2568,GODHA
2569,BIRDYS
2570,SERVICE
2571,SUNDARMHLD
2572,USASEEDS
2573,VEEKAYEM
2574,AISL
2576,RCOM
2577,ROLTA
2578,AARVEEDEN
2579,BARBEQUE
2581,NEELAM
2584,WORTH
2585,GSEC10ABSL
2587,CBAZAAR
2588,DHTL
2589,REXPIPES
2590,SILKFLEX
2591,AURDIS
2592,BALCO
2593,MASTER
2595,MORARJEE
2596,SANGANI
2597,HINDMOTORS
2598,VR
2599,YAARI
2600,HDIL
2602,PARAMATRIX
2604,BOSS
2605,COMMITTED
2610,BULKCORP
2611,QUADPRO
2613,PROPEQUITY
2614,VISAMAN
2615,VISHWAS
2616,PEL
2617,VILINBIO
2619,MANDEEP
2620,MONOPHARMA
2621,SELAN
2622,THESL
2625,MDL
2626,PROLIFE
2629,ITDCEM
2631,ORTEL
2634,ARISTO
2636,GANESHHOUC
2637,GRCL
2639,SUPREMEENG
2640,VIAZ
2641,DESTINY
2646,TIRUPATI
2647,SIDDHIKA
2648,SIGNORIA
2653,GAYAPROJ
2654,RICHA
2656,SWANENERGY
2658,HOVS
2659,ASLIND
